-- 0001_auth_rbac_seed.sql
-- NOTE: password_hash values below are bcrypt hashes generated by PHP password_hash()
--   demo_user / 123456  →  run: php -r "echo password_hash('123456', PASSWORD_BCRYPT);"
--   admin / admin123    →  run: php -r "echo password_hash('admin123', PASSWORD_BCRYPT);"
-- Replace PLACEHOLDER_HASH_xxx before importing, or use the PHP seed runner.

-- Roles
INSERT INTO `roles` (`id`, `name`, `code`, `sort`, `status`, `created_at`, `updated_at`) VALUES
(1, '普通用户', 'user', 1, 1, NOW(), NOW()),
(2, '管理员', 'admin', 2, 1, NOW(), NOW()),
(3, '运营', 'operator', 3, 1, NOW(), NOW()),
(4, '超级管理员', 'super_admin', 4, 1, NOW(), NOW());

-- Permissions
INSERT INTO `permissions` (`id`, `name`, `code`, `type`, `created_at`, `updated_at`) VALUES
(1, '用户端访问', 'portal.access', 1, NOW(), NOW()),
(2, '搜题', 'search.query', 1, NOW(), NOW()),
(3, '管理端访问', 'admin.access', 1, NOW(), NOW()),
(4, '题目管理', 'question.manage', 1, NOW(), NOW()),
(5, '系统配置', 'system.config', 1, NOW(), NOW()),
(6, '用户管理', 'user.manage', 1, NOW(), NOW()),
(7, '角色管理', 'role.manage', 1, NOW(), NOW()),
(8, '菜单管理', 'menu.manage', 1, NOW(), NOW()),
(9, '套餐管理', 'plan.manage', 1, NOW(), NOW()),
(10, '公告管理', 'announcement.manage', 1, NOW(), NOW()),
(11, '文档管理', 'doc.manage', 1, NOW(), NOW()),
(12, '采集管理', 'collect.manage', 1, NOW(), NOW()),
(13, 'API源管理', 'api_source.manage', 1, NOW(), NOW()),
(14, '日志查看', 'log.view', 1, NOW(), NOW());

-- Menus (matching mock menus.json + admin routes)
-- 用户端菜单 path 前缀 /user（前端会把 /dashboard 归一成 /user/dashboard）；管理端 path 前缀 /admin
-- /admin/dashboard 独立一条，permission admin.access，区分于共享 /dashboard（portal.access）
INSERT INTO `menus` (`id`, `parent_id`, `name`, `path`, `permission_code`, `sort`, `status`, `created_at`, `updated_at`) VALUES
(1,  0, '首页',       '/dashboard',             'portal.access',       1,  1, NOW(), NOW()),
(2,  0, '搜题',       '/search',                'search.query',        2,  1, NOW(), NOW()),
(3,  0, '搜题日志',   '/log/search',            'search.query',        3,  1, NOW(), NOW()),
(17, 0, '钱包',       '/wallet',                'portal.access',       4,  1, NOW(), NOW()),
(18, 0, 'API Key',    '/api-key',               'portal.access',       5,  1, NOW(), NOW()),
(19, 0, '文档中心',   '/doc',                   'portal.access',       6,  1, NOW(), NOW()),
(20, 0, '采集任务',   '/collect',               'portal.access',       7,  1, NOW(), NOW()),
(21, 0, '余额流水',   '/log/balance',           'portal.access',       8,  1, NOW(), NOW()),
(22, 0, '支付记录',   '/log/payment',           'portal.access',       9,  1, NOW(), NOW()),
(23, 0, '登录记录',   '/log/login',             'portal.access',       10, 1, NOW(), NOW()),
(24, 0, '操作记录',   '/log/operate',           'portal.access',       11, 1, NOW(), NOW()),
(16, 0, '管理首页',   '/admin/dashboard',        'admin.access',        9,  1, NOW(), NOW()),
(4,  0, '题目管理',   '/admin/question',         'question.manage',     10, 1, NOW(), NOW()),
(5,  0, '用户管理',   '/admin/user',             'user.manage',         11, 1, NOW(), NOW()),
(6,  0, '角色管理',   '/admin/role',             'role.manage',         12, 1, NOW(), NOW()),
(7,  0, '权限管理',   '/admin/permission',       'role.manage',         13, 1, NOW(), NOW()),
(8,  0, '菜单管理',   '/admin/menu',             'menu.manage',         14, 1, NOW(), NOW()),
(9,  0, '套餐管理',   '/admin/plan',             'plan.manage',         15, 1, NOW(), NOW()),
(10, 0, '公告管理',   '/admin/announcement',     'announcement.manage', 16, 1, NOW(), NOW()),
(11, 0, '文档管理',   '/admin/doc',              'doc.manage',          17, 1, NOW(), NOW()),
(12, 0, '采集管理',   '/admin/collect',          'collect.manage',      18, 1, NOW(), NOW()),
(13, 0, 'API源管理',  '/admin/api-source',       'api_source.manage',   19, 1, NOW(), NOW()),
(14, 0, '系统配置',   '/admin/system-config',    'system.config',       20, 1, NOW(), NOW()),
(15, 0, '搜索日志',   '/admin/log/search',       'log.view',            21, 1, NOW(), NOW());

-- Role-Permission mapping
-- user role: portal + search
INSERT INTO `role_permission` (`role_id`, `permission_id`) VALUES
(1, 1), (1, 2);

-- admin role: all permissions
INSERT INTO `role_permission` (`role_id`, `permission_id`) VALUES
(2, 1), (2, 2), (2, 3), (2, 4), (2, 5), (2, 6), (2, 7),
(2, 8), (2, 9), (2, 10), (2, 11), (2, 12), (2, 13), (2, 14);

-- operator role: portal + search + question + log
INSERT INTO `role_permission` (`role_id`, `permission_id`) VALUES
(3, 1), (3, 2), (3, 3), (3, 4), (3, 14);

-- super_admin role: all permissions
INSERT INTO `role_permission` (`role_id`, `permission_id`) VALUES
(4, 1), (4, 2), (4, 3), (4, 4), (4, 5), (4, 6), (4, 7),
(4, 8), (4, 9), (4, 10), (4, 11), (4, 12), (4, 13), (4, 14);

-- User-Role mapping
INSERT INTO `user_role` (`user_id`, `role_id`) VALUES
(1, 1),
(2, 2);
